name,asin,keyword,price,stars,rating_count,url
Corsair Force Series Gen.4 MP600 1TB NVMe PCIe M.2 SSD Noir,B09M8PRGPT,SSD,107,"4,7 sur 5 étoiles",66 évaluations,https://www.amazon.fr/Corsair-Force-Gen-4-MP600-NVMe/dp/B09M8PRGPT/ref=sr_1_144
"Seagate IronWolf Pro, 14 to, Disque Dur d'entreprise Interne NAS HDD – CMR, 3,5”, SATA 6 Gbits/s, 7 200 TR/Min, 256 Mo de mémoire Cache, Rescue Services (ST14000NT001)",B0B94P481H,HDD,434,"5,0 sur 5 étoiles",1 évaluation,https://www.amazon.fr/Seagate-IronWolf-Disque-dentreprise-Interne/dp/B0B94P481H/ref=sr_1_144
"Aootek Disque Dur Externe 1To - 2,5po USB 3.0 ultrafin Design métallique HDD Portable pour Mac, PC, Ordinateur Portable (Noir)",B0BJP7S5CW,HDD,36,"3,2 sur 5 étoiles",72 évaluations,https://www.amazon.fr/Aootek-Disque-Dur-Externe-1To/dp/B0BJP7S5CW/ref=sr_1_143
"MIKLOO Disque dur externe 4 To, disque dur, USB 3.1 ultra mince type C avec USB-A, facile à transporter, pour PC, Mac, ordinateur portable, ancre (Argenté-4TB)",B0BPPML4ZJ,HDD,29,"2,1 sur 5 étoiles",16 évaluations,https://www.amazon.fr/MIKLOO-transporter-ordinateur-portable-Argent%C3%A9-4TB/dp/B0BPPML4ZJ/ref=sr_1_142
"Seagate Skyhawk AI Disque Dur de Surveillance Interne HDD 8 to 3,5"" SATA 6 GB/s 256 Mo Cache système de caméra de sécurité DVR/NVR avec Service de Sauvetage de 3 Ans",B08KTM4SNY,HDD,,"4,8 sur 5 étoiles",45 évaluations,https://www.amazon.fr/Seagate-Skyhawk-vid%C3%A9osurveillance-s%C3%A9curit%C3%A9-Sauvegarde/dp/B08KTM4SNY/ref=sr_1_141
"LaCie 2big Dock RAID, 36 To, disque dur externe HDD - ports Thunderbolt 4 compatibles USB 4, récupération des données (STLG36000400)",B09BD66Y2K,HDD,€,,,https://www.amazon.fr/LaCie-2big-Dock-Disque-Externe/dp/B09BD66Y2K/ref=sr_1_140_mod_primary_new
"LaCie 1big Dock HDD, 16 To, Station d'accueil disque dur externe, Thunderbolt 3, 7 200 tr/min, Mac et PC, services Rescue valables 5 ans (STHS16000800)",B082PJS2ZP,HDD,,"4,3 sur 5 étoiles",95 évaluations,https://www.amazon.fr/LaCie-daccueil-Thunderbolt-redondance-STHS16000800/dp/B082PJS2ZP/ref=sr_1_139_mod_primary_new
"Yagte Disque Dur Externe 1to,Disque Dur Externe Portable 2.5"" HDD USB3.0 Compatible avec PC, Laptop,Desktop,Chromebook,TV.B(1To,Bleu)",B0BRMZT2T8,HDD,39,,,https://www.amazon.fr/Yagte-Externe-Portable-Compatible-Chromebook/dp/B0BRMZT2T8/ref=sr_1_138
"Thomson Disque Dur Externe Portable 320GB Ultra-Mince 2.5"" USB 3.0, Stockage HDD pour PC, Mac, Wii U, Xbox, PS4",B0BSLQS485,HDD,22,,,https://www.amazon.fr/Thomson-Externe-Portable-Ultra-Mince-Stockage/dp/B0BSLQS485/ref=sr_1_137
"LEYMING Disque dur externe portable 4 To Disque dur externe USB 3.1 ultra mince design métallique HDD portable pour Mac, PC, ordinateur portable, Smart TV (rouge,4 tb)",B0BR7RV73Z,HDD,€,,,https://www.amazon.fr/LEYMING-externe-portable-m%C3%A9tallique-ordinateur/dp/B0BR7RV73Z/ref=sr_1_135
HPE MSA 10.8TB SAS 10K SFF 6PK HDD BDL,B07PS166PL,HDD,59,"1,0 sur 5 étoiles",1 évaluation,https://www.amazon.fr/MSA-Disque-Dur-SAS-SFF/dp/B07PS166PL/ref=sr_1_134
"Mommachi Disque Dur Externe, 2To - USB 3.1 Ultra-Mince 2.5"" Design métallique HDD Portable pour PC, Mac, Portable (Noir)",B0BJVKX7K6,HDD,50,"2,4 sur 5 étoiles",229 évaluations,https://www.amazon.fr/Mommachi-Disque-Dur-Externe-2To/dp/B0BJVKX7K6/ref=sr_1_133
"Générique 10 to Portable SSD External Solid State Drive Hard Disk USB 3.1/Type-C External SSD HDD Hard Drive Compatible avec Mac/Windows/Linux/Android/Desktop/Ordinateur Portable (10 to, Noir)",B0BL1DSLCV,HDD,1 199,"2,0 sur 5 étoiles",10 évaluations,https://www.amazon.fr/G%C3%A9n%C3%A9rique-Portable-External-Compatible-Ordinateur/dp/B0BL1DSLCV/ref=sr_1_132
"Western Digital HDD Gold 12TB SATA 256MB 3.5""",B07CHL4NK8,HDD,101,"5,0 sur 5 étoiles",2 évaluations,https://www.amazon.fr/Western-Digital-Wd121kryz-Dor%C3%A9-Interne/dp/B07CHL4NK8/ref=sr_1_131
WE HDD INT 2.5 1To 5400T en Retail WD10JPVX Garantie,B00C9TEBJQ,HDD,51,"4,4 sur 5 étoiles",132 évaluations,https://www.amazon.fr/Disque-interne-Laptop-Mainstream-pouces/dp/B00C9TEBJQ/ref=sr_1_130
"JAHURO 2 To External Disque dur Portable HDD Type-C/USB 3.1 External Hard Disk, 3 Years Rescue Service, Compatible avec Playstation, Xbox,PC, Mac,Windows,Linux (2 To, Gold)",B0BQ3QQ9DS,HDD,29,,,https://www.amazon.fr/JAHURO-External-Portable-Compatible-Playstation/dp/B0BQ3QQ9DS/ref=sr_1_129
"Disque Dur Externe 2to,USB3.0 SATA, Stockage HDD pour PC, Mac, Ordinateur de Bureaup, Ordinateur Portable, Wii U, Xbox (2to, Rouge)",B0BRT2S9MW,HDD,47,,,https://www.amazon.fr/Externe-Stockage-Ordinateur-Bureaup-Portable/dp/B0BRT2S9MW/ref=sr_1_128
Western Digital HDD Desk Red 3 to 3.5 SATA 256 MB Disque Dur WD30EFAX,B088G1249B,HDD,114,"5,0 sur 5 étoiles",2 évaluations,https://www.amazon.fr/Western-Digital-Desk-Disque-WD30EFAX/dp/B088G1249B/ref=sr_1_127
,,HDD,,,,https://www.amazon.fr/Seagate-St8000dmz004-Barracuda-Disque-Interne/dp/B07H24QRS4/ref=sr_1_126
"WD 4To My Passport Ultra - Bleu - Disque dur externe portable avec logiciels de gestion et de sauvegarde et protection par mot de passe, compatible PC, Xbox et PS4",B07GKHQ9M6,HDD,159,"4,4 sur 5 étoiles",3 786 évaluations,https://www.amazon.fr/Passport-Ultra-Disque-externe-portable/dp/B07GKHQ9M6/ref=sr_1_125
"Seagate Exos 7E8, 8 To, Disque dur interne d’entreprise HDD, SAS, 3,5"", pour entreprise et centre de données (ST8000NM001A)",B07SW1BH6Q,HDD,,"3,9 sur 5 étoiles",15 évaluations,https://www.amazon.fr/Seagate-ST8000NM001A-Disque-Dur-8000/dp/B07SW1BH6Q/ref=sr_1_124
"Boitier Disque Dur 2.5, ORICO 6Gbps USB C 3.1 Gen 1 Boitier Externe Disque pour SATA HDD et SSD de 2,5'' et 7/9.5 mm, accélération UASP, Trim, sans Outils(Noir, 25PW1C)",B0B92C5DSB,HDD,10,"4,2 sur 5 étoiles",617 évaluations,https://www.amazon.fr/Boitier-Disque-ORICO-Externe-acc%C3%A9l%C3%A9ration/dp/B0B92C5DSB/ref=sr_1_123
"TooQ TQE-3527B - Boîtier de stockage pour disques durs HDD de 3.5 ""- (SATA I / II / III, USB 3.0)- aluminium- voyant LED- Noir- 350 grs.",B00MYN9V9W,HDD,25,"4,5 sur 5 étoiles",3 791 évaluations,https://www.amazon.fr/TooQ-TQE-3527B-Bo%C3%AEtier-stockage-aluminium/dp/B00MYN9V9W/ref=sr_1_122
Western Digital HDD Desk Red Pro 8TB 3.5 SATA 256MB,B07FJJB382,HDD,262,"3,0 sur 5 étoiles",1 évaluation,https://www.amazon.fr/HDD-Desk-Red-SATA-256MB/dp/B07FJJB382/ref=sr_1_121
"Unitek Adaptateur vers SATA/IDE USB 3.0,Adaptateur Disque Dur IDE SATA pour Disque Dur HDD/SSD Externe Universel 2,5/3,5 pouces,avec Adaptateur Secteur et témoin d’activité à LED.[Jusqu’à 10TB]",B01NAUIA6G,HDD,34,"4,5 sur 5 étoiles",4 584 évaluations,https://www.amazon.fr/Unitek-3-0-SATAIII-adaptateur-convertisseur/dp/B01NAUIA6G/ref=sr_1_120
"WD Blue Disque dur interne (Bulk) Desktop Mainstream 1 To 3,5 pouces SATA 7200 RPM",B00D0243DU,HDD,87,"4,3 sur 5 étoiles",52 évaluations,https://www.amazon.fr/Disque-interne-Desktop-Mainstream-pouces/dp/B00D0243DU/ref=sr_1_119
"Icy Dock ToughArmor MB411SPO-B Rack Amovible SSD/HDD 2,5"" Hot-Swap SATA pour Baie Optique Slim CD/DVD-ROM 12.7mm Odd ou FDD",B01998GYJO,HDD,53,"4,4 sur 5 étoiles",551 évaluations,https://www.amazon.fr/Icy-Dock-MB411SPO-B-Obturateur-lecteur/dp/B01998GYJO/ref=sr_1_118
"Seagate Surveillance HDD Skyhawk AI 3.5"" 16000 Go Série ATA III",B08R3Z2JL1,HDD,330,"1,0 sur 5 étoiles",1 évaluation,https://www.amazon.fr/Seagate-Surveillance-Skyhawk-16000-S%C3%A9rie/dp/B08R3Z2JL1/ref=sr_1_117
"TooQ TQE-2527B - Boîtier de Stockage pour disques durs HDD de 2.5"", (SATA I/II/III jusqu'à 9.5 mm d'épaisseur, USB 3.0), Aluminium, Voyant LED, Noir, 50 grs.",B00MYN9US4,HDD,9,"4,6 sur 5 étoiles",2 632 évaluations,https://www.amazon.fr/TooQ-TQE-2527B-Bo%C3%AEtier-disque-externe/dp/B00MYN9US4/ref=sr_1_115
"Disque dur externe de 12 To Type-C USB 3.1 pour ordinateur de bureau, ordinateur portable, Mac (12 To, bleu)",B0BLK7RNWB,HDD,182,"1,6 sur 5 étoiles",4 évaluations,https://www.amazon.fr/Disque-externe-Type-C-ordinateur-portable/dp/B0BLK7RNWB/ref=sr_1_114
"WD 6To My Book - Disque dur externe de bureau avec logiciels de gestion du disque et de sauvegarde et protection par mot de passe, compatible PC & Mac",B01M0SH124,HDD,143,"4,4 sur 5 étoiles",9 969 évaluations,https://www.amazon.fr/Western-Digital-WDBBGB0060HBK-EESN-Disque-Externe/dp/B01M0SH124/ref=sr_1_113
Western Digital Red Pro 14To 6Go/s SATA HDD Disque Dur WD141KFGX,B07YFGW736,HDD,790,"4,5 sur 5 étoiles",133 évaluations,https://www.amazon.fr/Western-Digital-14To-Disque-WD141KFGX/dp/B07YFGW736/ref=sr_1_112
Toshiba P300 PC HDD 4To SATA 3.5p,B08XNJHGQ7,HDD,99,"4,8 sur 5 étoiles",7 évaluations,https://www.amazon.fr/TOSHIBA-P300-HDD-SATA-3-5p/dp/B08XNJHGQ7/ref=sr_1_111
"LaCie 2big RAID, 28 To, disque dur externe de bureau HDD, Thunderbolt 3 USB-C, 7 200 tr/min, disques d'entreprise, pour Mac et PC, services Rescue valables 5 ans (STHJ28000800)",B086X1M1CT,HDD,1 457,"4,8 sur 5 étoiles",8 évaluations,https://www.amazon.fr/LaCie-2big-disque-externe-bureau/dp/B086X1M1CT/ref=sr_1_110_mod_primary_new
"LaCie 2big Dock RAID, 16 To, disque dur externe HDD - ports Thunderbolt 4 compatibles USB 4, récupération des données (STLG16000400)",B09BD6W4BY,HDD,€,,,https://www.amazon.fr/LaCie-2big-Dock-Disque-Externe-Thunderbolt/dp/B09BD6W4BY/ref=sr_1_109
"4 To Mobile Disque dur externe USB 3.0 Portable HDD 4 To Disque dur externe compatible avec bureau, ordinateur portable, Mac, Windows, Linux, Android (4 To, noir)",B0BP2MHZ42,HDD,45,"2,5 sur 5 étoiles",3 évaluations,https://www.amazon.fr/externe-Portable-compatible-ordinateur-portable/dp/B0BP2MHZ42/ref=sr_1_108
"Samsung/Seagate - ST1000LM024 Momentus Spinpoint M8 Disque dur interne 2,5'' SATA II 5400 tours/min 1000 Go",B007NVGWV0,HDD,60,"4,4 sur 5 étoiles",2 100 évaluations,https://www.amazon.fr/Samsung-Seagate-ST1000LM024-Momentus-Spinpoint/dp/B007NVGWV0/ref=sr_1_107
WD Or HDD 4To SATA 256 MB 3.5 Inch - WD4003FRYZ -,B07XDD6GD3,HDD,89,"4,4 sur 5 étoiles",2 014 évaluations,https://www.amazon.fr/Western-Digital-Sata-7200-Wd4003Fryz/dp/B07XDD6GD3/ref=sr_1_106
Toshiba 6 to S300 Surveillance HDD OEM,B0BGM5RZ85,HDD,156,"5,0 sur 5 étoiles",1 évaluation,https://www.amazon.fr/Toshiba-S300-Surveillance-HDD-OEM/dp/B0BGM5RZ85/ref=sr_1_105
Seagate EXOS 7E8 4To 3.5 HDD 512n,B07T4411LF,HDD,186,"3,9 sur 5 étoiles",17 évaluations,https://www.amazon.fr/Seagate-ST4000NM002A-Disque-4000-S%C3%A9rie/dp/B07T4411LF/ref=sr_1_104
"Seagate IronWolf 10 To, Disque dur interne NAS HDD, CMR 3,5"" SATA 6 Gbit/s 7200 tr/min,265 Mo de mémoire cache, pour NAS RAID, services Rescue valables 3 ans (ST10000VN0008)",B07J35YWQY,HDD,253,,,https://www.amazon.fr/Seagate-NAS-IronWolf-10000-S%C3%A9rie/dp/B07J35YWQY/ref=sr_1_103
Neuftech® 2ème 2.5'' HDD SSD Adaptateur de Caddy Disque Dur 9.5 mm SATA vers SATA pour HP Dell Acer ASUS Lenovo Ordinateurs Portables,B012A9HIGW,HDD,9,"4,5 sur 5 étoiles",2 771 évaluations,https://www.amazon.fr/Neuftech-Adaptateur-Disque-Ordinateurs-Portables/dp/B012A9HIGW/ref=sr_1_102
"Seagate Surveillance HDD Skyhawk 3.5"" 4000 Go Série ATA III",B08TV9TFPB,HDD,99,"4,5 sur 5 étoiles",61 évaluations,https://www.amazon.fr/Seagate-Surveillance-Skyhawk-4000-S%C3%A9rie/dp/B08TV9TFPB/ref=sr_1_101
"20 To Disque dur externe USB 3.1 Type-C Professional Portable HDD 3 ans Warranty Reliable Backup for Gaming/Students/Professionals, (20 To, noir)",B0BLK8YLYT,HDD,109,"1,0 sur 5 étoiles",6 évaluations,https://www.amazon.fr/Professional-Portable-Warranty-Reliable-Professionals/dp/B0BLK8YLYT/ref=sr_1_100
"HP 693689-B21 4 to 7200RPM 3.5"" SAS 6G HDD (reconditionné)",B07RMKNHM6,HDD,101,,,https://www.amazon.fr/HP-693689-B21-7200RPM-3-5-reconditionn%C3%A9/dp/B07RMKNHM6/ref=sr_1_99
"Inateck Double Cadre de Montage Interne pour Disque Dur HDD/SSD de 2,5"", 2,5"" vers 3,5"" pour 2 SSD/HDD avec câble,ST1002S",B01EGZWHRI,HDD,9,"4,6 sur 5 étoiles",10 647 évaluations,https://www.amazon.fr/Inateck-Montage-Disque-Support-loutil/dp/B01EGZWHRI/ref=sr_1_98
"Disque Dur Externe Toshiba Canvio Basics 1To, Noir, USB 3.2. Gen 1 (HDTB410EK3AA)",B07997KKSK,HDD,52,"4,7 sur 5 étoiles",78 257 évaluations,https://www.amazon.fr/Toshiba-HDTB410EK3AA-Disque-Externe-Portable/dp/B07997KKSK/ref=sr_1_97
"Crucial BX500 240Go CT240BX500SSD1(Z) SSD Interne-jusqu’à 540 MB/s (3D NAND, SATA, 2,5 pouces)",B07G3KRZBX,SSD,€,"4,7 sur 5 étoiles",17 641 évaluations,https://www.amazon.fr/Crucial-CT240BX500SSD1-Interne-BX500-Pouces/dp/B07G3KRZBX/ref=sr_1_142
"Corsair MP600 Pro XT 8 to Gen4 PCIe x4 NVMe M.2 SSD - Vitesses de Lecture allant Jusqu’à 7 000 Mo/s et d’écriture allant 6 100 Mo/s, TLC NAND Haute Densité, Dissipateur Thermique en Aluminium - Noir",B0BFDKPWPR,SSD,1 279,"4,7 sur 5 étoiles",445 évaluations,https://www.amazon.fr/Corsair-MP600-Gen4-PCIe-NVMe/dp/B0BFDKPWPR/ref=sr_1_140
"Systor Duplicateur NVMe/SATA 1 à 5 M.2 – 24 Go/min – Copieur autonome et effaceur/désinfectant pour plusieurs PCIe M2, disque dur 2,5"" et disques SSD SSD SSD (SYSNVME-HC405)",B09GRQGDQH,SSD,,,,https://www.amazon.fr/Systor-Duplicateur-NVMe-SATA-SYSNVME-HC405/dp/B09GRQGDQH/ref=sr_1_139
"WD Rouge 500Go NAS SSD 2.5"" SATA",B07YFGQLYK,SSD,59,"4,7 sur 5 étoiles",1 538 évaluations,https://www.amazon.fr/Western-Digital-Rouge-500-SATA/dp/B07YFGQLYK/ref=sr_1_138
"Netac SSD 2.5 Pouces 128Go, Disque Dur Interne SSD Sata 3.0 (N530S Gris Argent 3D Nand)",B09DCK767L,SSD,18,"4,5 sur 5 étoiles",561 évaluations,https://www.amazon.fr/Netac-Disques-Internes-Pouces-Argent/dp/B09DCK767L/ref=sr_1_137
"Intenso SSD interne 240Go, High Performance, 2,5"""" (6,3cm), Sata III, 500 Mo/s, noir",B01D3ACIR6,SSD,25,"4,6 sur 5 étoiles",6 547 évaluations,https://www.amazon.fr/Intenso-Interne-240Go-High-Performance/dp/B01D3ACIR6/ref=sr_1_136
Western Digital SSD Green 240G *SN350,B093QL56WR,SSD,31,"4,7 sur 5 étoiles",987 évaluations,https://www.amazon.fr/Western-Digital-Green-240G-SN350/dp/B093QL56WR/ref=sr_1_135
Samsung 870 EVO Disque SSD interne SATA 250 Go (MZ-77E250),B08T1TWQS9,SSD,50,"4,7 sur 5 étoiles",995 évaluations,https://www.amazon.fr/Samsung-MZ-77E250-Disque-interne-SATA/dp/B08T1TWQS9/ref=sr_1_134
"Hikvision Disque Dur Externe 1To, 2.5"" Portable HDD USB-C, USB 3.1, Résistant Aux Chutes, à la Pluie, à la Poussière, avec USB-C C-C, Robuste et Durable HDD pour Mac/PC/PS4/Xbox/Téléphone - S30",B0B5Q9YBM6,SSD,64,"4,4 sur 5 étoiles",664 évaluations,https://www.amazon.fr/Hikvision-Portable-R%C3%A9sistant-Poussi%C3%A8re-T%C3%A9l%C3%A9phone/dp/B0B5Q9YBM6/ref=sr_1_133
Corsair MP600 GS 500 Go Disque SSD M.2 NVMe PCIe Gen4 x4 - Mémoire Haute Densité TLC NAND - M.2 2280 - Compatible DirectStorage - Jusqu’à 4 800 Mo/s – pour Les Ordinateurs Portables PCIe 4.0 - Noir,B0BJKVMDNP,SSD,67,"1,0 sur 5 étoiles",1 évaluation,https://www.amazon.fr/Corsair-MP600-Disque-NVMe-PCIe/dp/B0BJKVMDNP/ref=sr_1_132_mod_primary_new
SSD interne 128 Go M.2 PCIe NVMe - 2280 - 3D NAND - MTE110S - TS128GMTE110S,B07CXC32T2,SSD,24,"4,4 sur 5 étoiles",2 205 évaluations,https://www.amazon.fr/Transcend-interne-PCIe-NVMe-TS128GMTE110S/dp/B07CXC32T2/ref=sr_1_131
Integral Disque SSD 250GB SSD M.2 2280 NVME 1.2 PCIe Gen3x4 R-2000MB/s W-1200MB/s M1,B09MG41W7Q,SSD,26,"4,6 sur 5 étoiles",9 évaluations,https://www.amazon.fr/Integral-Disque-Gen3x4-R-2000-W-1200/dp/B09MG41W7Q/ref=sr_1_130
"WD Black SN850 M.2 NVMe SSD, PCIe Gen 4.0, 500 Go, jusqu'à 7 000 Mo/s en Lecture et 4 100 Mo/s en écriture",B08LSYLC65,SSD,119,"4,0 sur 5 étoiles",1 évaluation,https://www.amazon.fr/SANDISK-Black-sn850-nvme-500gb/dp/B08LSYLC65/ref=sr_1_129
"Intenso SSD interne 512 Go, Top Performance, 2,5"" (6,3cm), Sata III, noir",B00D1E6RMW,SSD,36,"4,7 sur 5 étoiles",3 082 évaluations,https://www.amazon.fr/Intenso-Performance-Disque-Flash-Interne/dp/B00D1E6RMW/ref=sr_1_128
"Silicon Power 512GB-NVMe-PCIe Gen3x4 M.2 2280 R/W jusqu'à 3, 400/2, 300 Mo/s SSD",B07P7FPBZ5,SSD,42,"4,6 sur 5 étoiles",845 évaluations,https://www.amazon.fr/Silicon-Power-512GB-NVMe-PCIe-Gen3x4-jusqu%C3%A0/dp/B07P7FPBZ5/ref=sr_1_127
"Silicon Power SSD 2TB 3D NAND A55 SLC Cache Performance Boost 2.5 inch SATA III 7mm (0.28"") Internal Solid State Drive",B07SGBJK7H,SSD,109,"3,9 sur 5 étoiles",39 évaluations,https://www.amazon.fr/Silicon-Power-Cache-Performance-Internal/dp/B07SGBJK7H/ref=sr_1_126
Transcend 1To SATA III 6Gb/s SSD230S 2.5” Solid State Drive TS1TSSD230S,B074W7TDPR,SSD,82,"4,6 sur 5 étoiles",879 évaluations,https://www.amazon.fr/Transcend-Solid-State-Drive-1/dp/B074W7TDPR/ref=sr_1_125
"Integral SSD 240 Go Serie C1 Disque interne haute vitesse 2, 5"" Interface SATA III Jusqu'à 6GB/s - Compatible PC/Mac",B07WXHH8B3,SSD,28,"4,3 sur 5 étoiles",8 évaluations,https://www.amazon.fr/Integral-Disque-interne-vitesse-Interface/dp/B07WXHH8B3/ref=sr_1_124_mod_primary_new
"WAVLINK - Adaptateur USB 3.0 vers SATA pour SSD 2,5"" et HDD - Câble USB vers SATA - Adaptateur fixe, 2,5""",B09FLQM6Q7,SSD,12,"4,5 sur 5 étoiles",387 évaluations,https://www.amazon.fr/WAVLINK-Adaptateur-vers-SATA-pour/dp/B09FLQM6Q7/ref=sr_1_123
"OWC Câble de Mise à Niveau HDD pour capteur Thermique numérique en Ligne pour iMac 2011, (OWCDIDIMACHDD11)",B00J42AFUA,SSD,44,"4,6 sur 5 étoiles",993 évaluations,https://www.amazon.fr/OWC-OWCDIDIMacHDD11-C%C3%A2ble-SATA-Disque/dp/B00J42AFUA/ref=sr_1_122
"INDMEM NVMe PCIe SSD pour MacBook Air 2013-2017, MacBook Pro Retina 2013-2015, iMac 2013-2017, Mac Pro 2013, Mac Mini 2014 (mise à jour sur macOS 10.13 ou supérieur)",B083NRJQP8,SSD,139,"4,4 sur 5 étoiles",469 évaluations,https://www.amazon.fr/INDMEM-Interne-MacBook-2013-2017-2013-2015/dp/B083NRJQP8/ref=sr_1_121
"Crucial 250Go CT250MX500SSD1(Z) SSD interne MX500-jusqu’à 560 Mo/s (3D NAND, SATA, 2,5 pouces)",B0764WCXCV,SSD,€,"4,7 sur 5 étoiles",9 680 évaluations,https://www.amazon.fr/Crucial-CT250MX500SSD1-Interne-MX500-Pouces/dp/B0764WCXCV/ref=sr_1_120
Integral 1TB SSD 2.5'' SATA III V Series 2 Plus,B0BPMG8ZPQ,SSD,62,"5,0 sur 5 étoiles",1 évaluation,https://www.amazon.fr/Integral-1TB-SSD-SATA-Plus/dp/B0BPMG8ZPQ/ref=sr_1_119
Intel - SSD & Memory 660P Series 1.0TB M.2 80MM,B07JBQZ2MG,SSD,71,"4,6 sur 5 étoiles",322 évaluations,https://www.amazon.fr/INTEL-Memory-660P-1-0TB-80MM/dp/B07JBQZ2MG/ref=sr_1_118
"Crucial 2To CT2000MX500SSD1(Z) SSD interne MX500-jusqu’à 560 Mo/s (3D NAND, SATA, 2,5 pouces)",B078C515QL,SSD,149,"4,8 sur 5 étoiles",24 334 évaluations,https://www.amazon.fr/Crucial-CT2000MX500SSD1-Interne-MX500-Pouces/dp/B078C515QL/ref=sr_1_117
"KIOXIA 480GB EXCERIA, 2.5"" SSD, SATA 3.0 (6Gb/s), TLC Flash, 555MB/s Read, 540MB/s Write, Retail LTC10Z480GG8",B087CPLWKP,SSD,41,"4,6 sur 5 étoiles",510 évaluations,https://www.amazon.fr/Kioxia-LTC10Z480GG8-EXCERIA-SATA6GBIT-S2-5IN/dp/B087CPLWKP/ref=sr_1_116
"Mini PCI-E mSATA SSD à 2.5"" SATA Hard Disk Enclosure Case Converter Adaptateur pour Intel Samsung ASUS SSD",B00S6AO16K,SSD,12,"4,4 sur 5 étoiles",257 évaluations,https://www.amazon.fr/Cablecc-bo%C3%AEtier-convertisseur-adaptateur-Samsung/dp/B00S6AO16K/ref=sr_1_115
"Magix SSD Alpha EVO , SATA III 2,5"" 6 Gbps , Vitesses de lecture/écriture allant jusqu'à 500/490 Mo/s , 3D NAND MLC/TLC , Interne (120Go)",B07QYV2699,SSD,16,"4,5 sur 5 étoiles",214 évaluations,https://www.amazon.fr/Magix-Alpha-500Mb-Internal-120GB/dp/B07QYV2699/ref=sr_1_114
"Disque dur externe Seagate Ghost-Spider Special Edition FireCuda 2 To, USB 3.2 1re génération, voyants LED RVB personnalisables roses avec services Rescue (STKL2000419)",B0B6G51DJD,SSD,101,"4,5 sur 5 étoiles",1 592 évaluations,https://www.amazon.fr/Seagate-FireCuda-4e-g%C3%A9n%C3%A9ration-NVMe-1-4-ZP2000GM3A013/dp/B0B6G51DJD/ref=sr_1_113
ORICO Adaptateur de boîtier M.2 SATA SSD USB C 3.2 Gen1 6 Gbps Solid State Drive Aluminium Boîtier M2 Externe Support UASP pour B-Key B+M Key SATA NGFF SSD 2230/2242/2260/2280 (jusqu'à 4 To),B0B2VN78JK,SSD,25,"5,0 sur 5 étoiles",3 évaluations,https://www.amazon.fr/ORICO-Adaptateur-bo%C3%AEtier-Aluminium-Bo%C3%AEtier/dp/B0B2VN78JK/ref=sr_1_112
"Transcend Boîtier SSD/HDD 2.5"" SATA III USB 3.1 Gen 1 TS0GSJ25S3",B00JTNZP0Y,SSD,18,"4,3 sur 5 étoiles",2 681 évaluations,https://www.amazon.fr/Transcend-TS0GSJ25S3-Bo%C3%AEtier-pour-Disque/dp/B00JTNZP0Y/ref=sr_1_111
"GamerKing Disque SSD M.2 2242 64Go Interne Disque Dur 1to 512go 256go 128go Haute Performance pour Ordinateur Portable SATA III 6Gb / s Le Bureau (64Go, M.2 2242)",B091H1KB3Q,SSD,€,"4,4 sur 5 étoiles",11 évaluations,https://www.amazon.fr/GamerKing-Interne-Performance-Ordinateur-Portable/dp/B091H1KB3Q/ref=sr_1_110
"Solidigm™ P41 Plus Series 2TB PCIe GEN 4 NVMe 4.0 x4 M.2 2280 3D NAND Disque SSD Interne (2 to, M.2 80 mm, PCIe 4.0 x4)",B0B9855VGS,SSD,152,"4,7 sur 5 étoiles",23 évaluations,https://www.amazon.fr/SolidigmTM-Plus-PCIe-Disque-Interne/dp/B0B9855VGS/ref=sr_1_109
"Kingston KC600 SSD SKC600B/256G SSD Interne 2.5"" SATA Rev 3.0, 3D TLC, Chiffrement XTS-AES 256 bits - Kit de mise à niveau pour PC fixe/portable",B07ZG577VZ,SSD,56,"4,7 sur 5 étoiles",2 723 évaluations,https://www.amazon.fr/Kingston-Technology-SKC600B-256G-Chiffrement/dp/B07ZG577VZ/ref=sr_1_108
"Bliksem SSD 120Go SATA Ⅲ 6Go/s 2,5"" Disque Interne SSD 3D NAND Jusqu’à 520 Mo/s，Compatible avec Les Ordinateurs Portables Et Les Ordinateurs De Bureau H650 (Noir 120Go",B09WDHD5QD,SSD,,"4,3 sur 5 étoiles",291 évaluations,https://www.amazon.fr/Interne-Compatible-Ordinateurs-Portables-Bliksem/dp/B09WDHD5QD/ref=sr_1_107
"SABRENT USB-C Boîtier NVMe SSD M.2, Adaptateur Externe USB 3.2 Gen2 10Gbps, Aluminium Boîtier Disque Dur pour PCIe, M.2 SATA, M Key/M+B Key 2230/2242/2260/2280, SSD Enclosure Case sans Outil, EC-SNVE",B08RVC6F9Y,SSD,,"4,4 sur 5 étoiles",8 948 évaluations,https://www.amazon.fr/Sabrent-Bo%C3%AEtier-Type-C-pour-PCIe/dp/B08RVC6F9Y/ref=sr_1_106
Sxdluzi BoîTier SSD M2 BoîTier NVME Adaptateur SSD M.2 vers USB pour NVME PCIE NGFF SATA M + Clé B 2230/2242/2260/2280 Double Protocole (B),B0BG212RYG,SSD,25,,,https://www.amazon.fr/Sxdluzi-Bo%C3%AETier-Adaptateur-Double-Protocole/dp/B0BG212RYG/ref=sr_1_105
"Toshiba Canvio Partner 4To Portable 2.5"" HDD externe, USB 3.2 Gen 1, compatible Mac et Windows, USB Powered",B0BGXY2NZ4,SSD,110,"4,6 sur 5 étoiles",8 956 évaluations,https://www.amazon.fr/Toshiba-Canvio-Partner-4To-Portable-2-5-HDD-externe-USB-3-2-Gen-1-compatible-Mac-et-Windows-USB-Powered/dp/B0BGXY2NZ4/ref=sr_1_104
"Sabrent 2230 M.2 NVMe Gen4 256Go SSD Interne, 4650Mo/s Lecture, PCIe 4.0 X4 Disque SSD Interne Compatible avec Steam Deck, Surface Pro, PC, NUC et Ordinateurs Portables (SB-2130-256GB)",B0BQG58F34,SSD,57,"4,5 sur 5 étoiles",97 évaluations,https://www.amazon.fr/Sabrent-Compatible-Ordinateurs-Portables-SB-2130-256GB/dp/B0BQG58F34/ref=sr_1_103
Patriot P310 M.2 PCIe Gen 3 x4 240Go SSD a Basse Consommation - P310P240GM28,B09KY7PMCS,SSD,24,"4,6 sur 5 étoiles",133 évaluations,https://www.amazon.fr/Patriot-P310-240Go-Basse-Consommation/dp/B09KY7PMCS/ref=sr_1_102
Integral Disque SSD 500 Go TLC M1 NVME M.2 2280 PCIe Gen3x4 R-3450 Mo/s W-2400 Mo/s,B09P5BTJTJ,SSD,36,"4,5 sur 5 étoiles",910 évaluations,https://www.amazon.fr/Disque-Integral-Gen3x4-R-3450-W-2400/dp/B09P5BTJTJ/ref=sr_1_101
"Dogfish SSD 64Go SATA3 2.5 inch Unidad De Estado Sólido Incorporada 7MM Height High Speed Incluye SSD 32Go 60Go 64Go 120Go 128Go 240Go 250Go 480Go 500Go 1To (64Go, 2.5''-SATA3)",B07WCM8CVG,SSD,58,"4,4 sur 5 étoiles",286 évaluations,https://www.amazon.fr/Dogfish-Unidad-Incorporada-Incluye-2-5-SATA3/dp/B07WCM8CVG/ref=sr_1_100
Kingston NV1 NVMe PCIe SSD 500GB M.2 2280 - SNVS/500G Noir,B091BCQK7B,SSD,59,"4,7 sur 5 étoiles",11 516 évaluations,https://www.amazon.fr/Kingston-NVMe-PCIe-500GB-2280/dp/B091BCQK7B/ref=sr_1_99
Transcend 256Go SATA III 6Gb/s MTS830S 80 mm M.2 SSD 830S Solid State Drive TS512GMTS830S,B07KG1283L,SSD,36,"4,6 sur 5 étoiles",2 276 évaluations,https://www.amazon.fr/Transcend-256Go-MTS830S-Solid-TS512GMTS830S/dp/B07KG1283L/ref=sr_1_98
"Gigastone 128 Go Game Turbo SSD Interne 2.5〞Disque Dur SSD SATA III 6 Go/s. 3D NAND Flash, Haute Vitesse de Lecture jusqu'à 520 Mo/s. pour PS4, PC, Ordinateur Portable et Laptop",B07NTL9X7F,SSD,18,"4,5 sur 5 étoiles",212 évaluations,https://www.amazon.fr/Gigastone-N-A-SSD-128/dp/B07NTL9X7F/ref=sr_1_97
"Seagate IronWolf 4 To, Disque dur interne NAS HDD, CMR 3,5"" SATA 6 Gbit/s 5 900 tr/min, 64 Mo de mémoire cache, pour NAS RAID, Ouverture facile, services Rescue valables 3 ans (ST4000VNZ08)",B07H289S79,HDD,€,"4,7 sur 5 étoiles",11 131 évaluations,https://www.amazon.fr/Seagate-St4000vnz08-Ironwolf-Interne-1-8-Bay-syst%C3%A8mes/dp/B07H289S79/ref=sr_1_48
"Disque Dur Externe Toshiba Canvio Basics 1To, Noir, USB 3.2. Gen 1 (HDTB410EK3AA)",B07997KKSK,HDD,52,"4,7 sur 5 étoiles",78 257 évaluations,https://www.amazon.fr/Toshiba-HDTB410EK3AA-Disque-Externe-Portable/dp/B07997KKSK/ref=sr_1_96
"Western Digital WD Red Plus 3.5"" 2000 Go Série ATA III",B08VH891FS,HDD,138,"4,6 sur 5 étoiles",385 évaluations,https://www.amazon.fr/Western-Digital-Plus-2000-S%C3%A9rie/dp/B08VH891FS/ref=sr_1_95
"Seagate Ultra Touch, 2 To, Disque dur externe portable HDD – Noir, USB-C USB 3.0, Abonnement de 4 mois à la formule Adobe Creative Cloud, et services Rescue valables 2 ans (STHH2000400)",B07LGNHNJ9,HDD,87,"4,5 sur 5 étoiles",5 707 évaluations,https://www.amazon.fr/externe-portable-Seagate-USB-3-0-STHH2000400/dp/B07LGNHNJ9/ref=sr_1_94
"Hurricane Disque Dur Externe Portable HDD 320Go, 2,5"" USB 3.0 en Aluminium pour Le Stockage, Sauvegarde pour Ordinateur Portable, Ordinateur de Bureau, PC, TV, Ps4, Ps5, Xbox, Windows, Mac, Linux",B07QHWGXYK,HDD,27,"4,3 sur 5 étoiles",286 évaluations,https://www.amazon.fr/Hurricane-GD25612-Externe-Aluminium-Festplatte/dp/B07QHWGXYK/ref=sr_1_93
Seagate Momentus Thin 7200 500gb Sata,B00II56U0I,HDD,36,"4,5 sur 5 étoiles",405 évaluations,https://www.amazon.fr/Seagate-Momentus-Thin-7200-500gb/dp/B00II56U0I/ref=sr_1_92
WD Gold 16To HDD sATA 6Gb/s 512e,B089S33PR3,HDD,433,"4,2 sur 5 étoiles",87 évaluations,https://www.amazon.fr/Western-Digital-Gold-16To-sATA/dp/B089S33PR3/ref=sr_1_91
"Western Digital WD Red Plus 3.5"" 3000 Go Série ATA III",B08VH9NDV7,HDD,99,"4,4 sur 5 étoiles",461 évaluations,https://www.amazon.fr/Western-Digital-Plus-3000-S%C3%A9rie/dp/B08VH9NDV7/ref=sr_1_90_mod_primary_new
"Seagate SkyHawk 6 To, Disque dur interne de surveillance HDD, 3,5"" SATA 6 Gbit/s, 256 Mo mémoire cache, pour système de caméras de sécurité, services Rescue valables 3 ans (ST6000VX001)",B07CN9QQ41,HDD,164,"4,4 sur 5 étoiles",1 666 évaluations,https://www.amazon.fr/Seagate-Skyhawk-ST6000VX001-Disque-6000Go/dp/B07CN9QQ41/ref=sr_1_89
"Seagate IronWolf Pro, 16 to, Disque Dur d'entreprise Interne NAS HDD – CMR, 3,5”, SATA 6 Gbits/s, 7 200 TR/Min, 256 Mo de mémoire Cache, Rescue Services (ST16000NT001)",B0B94PNF7P,HDD,446,"5,0 sur 5 étoiles",2 évaluations,https://www.amazon.fr/Seagate-IronWolf-Disque-dentreprise-Interne/dp/B0B94PNF7P/ref=sr_1_88
"Seagate IronWolf Pro, 20 to, Disque Dur d'entreprise Interne NAS HDD – CMR, 3,5”, SATA 6 Gbits/s, 7 200 TR/Min, 256 Mo de mémoire Cache, Rescue Services (ST20000NT001)",B0B94MF4LP,HDD,662,"5,0 sur 5 étoiles",3 évaluations,https://www.amazon.fr/Seagate-IronWolf-Disque-dentreprise-Interne/dp/B0B94MF4LP/ref=sr_1_87
Seagate Surv. Skyhawk 6To HDD,B079HCMBFT,HDD,164,"4,2 sur 5 étoiles",87 évaluations,https://www.amazon.fr/Video-Skyhawk-256MB-5-4K-SATA/dp/B079HCMBFT/ref=sr_1_86
"Seagate Barracuda Pro 2.5"" 1000 Go Série ATA III",B07957Q6RY,HDD,66,"4,6 sur 5 étoiles",281 évaluations,https://www.amazon.fr/Seagate-DD-P-SG-1T-LM049-Disque-Dur-Interne/dp/B07957Q6RY/ref=sr_1_85
"WD 4To My Passport Bleu - Disque dur externe portable avec logiciels de gestion et de sauvegarde et protection par mot de passe, compatible PC, Xbox et PS4",B07VP5WG78,HDD,157,"4,5 sur 5 étoiles",2 301 évaluations,https://www.amazon.fr/WD-Passport-sauvegarde-automatique-protection/dp/B07VP5WG78/ref=sr_1_84_mod_primary_new
"WD Blue 4 To 3.5"" Disque dur interne - Classe 5400 RPM, SATA 6 Gb/s, Cache de 64 Mo",B00HRNYWIO,HDD,154,"4,5 sur 5 étoiles",1 525 évaluations,https://www.amazon.fr/interne-Desktop-Mainstream-intellipower-al%C3%A9atoire/dp/B00HRNYWIO/ref=sr_1_83
"JAHURO 4 To Portable HDD HDD External USB 3.1 USB-C 4 To Mobile Disque Dur External, 3 Years Rescue Service, Compatible avec Playstation, Xbox, PC, Mac, Windows, Linux (4 TB, Gold)",B0BQ3R983P,HDD,,,,https://www.amazon.fr/JAHURO-Portable-External-Compatible-Playstation/dp/B0BQ3R983P/ref=sr_1_82
"Toshiba -MQ01ABD100- Disque dur interne 2,5'' 1000 Go SATA II",B009AYVNMQ,HDD,€,"4,4 sur 5 étoiles",3 533 évaluations,https://www.amazon.fr/Toshiba-MQ01ABD100-Disque-interne-1000/dp/B009AYVNMQ/ref=sr_1_81
"Seagate Surveillance HDD Skyhawk 3.5"" 2000 Go SATA",B093Z5DD7C,HDD,86,"4,7 sur 5 étoiles",5 évaluations,https://www.amazon.fr/Seagate-Surveillance-Skyhawk-2000-SATA/dp/B093Z5DD7C/ref=sr_1_80_mod_primary_new
"4 To External Disque dur Portable HDD USB 3.0 Mobile Disque Dur External 3 Year Rescue Service Compatible avec Desktop/Ordinateur portable/Mac (4 To,Bleu)",B0BP2H8CDZ,HDD,46,,,https://www.amazon.fr/External-Portable-Compatible-Ordinateur-portable/dp/B0BP2H8CDZ/ref=sr_1_79
Seagate ST500VT000 Disque Dur Interne 500 Go SATA,B00CY9TQQY,HDD,18,"4,4 sur 5 étoiles",94 évaluations,https://www.amazon.fr/Seagate-ST500VT000-Disque-interne-SATA/dp/B00CY9TQQY/ref=sr_1_78
"Western Digital WD Blue Disque Dur Interne 3,5"" 500 Go SATA",B00E1C93L0,HDD,38,"4,2 sur 5 étoiles",15 évaluations,https://www.amazon.fr/Western-Digital-Blue-Disque-Interne/dp/B00E1C93L0/ref=sr_1_77
"Seagate IronWolf 3 To, Disque dur interne NAS HDD, CMR 3,5"" SATA 6 Gbit/s 5 400 tr/min, 64 Mo de mémoire cache, pour NAS RAID, services Rescue valables 3 ans (ST3000VNZ06)",B09NKZWXDD,HDD,104,"4,1 sur 5 étoiles",10 évaluations,https://www.amazon.fr/Seagate-IronWolf-services-valables-ST3000VNZ06/dp/B09NKZWXDD/ref=sr_1_76
"Western Digital - WD Blue SSD - Disque SSD interne 2.5"" SATA 2To 3D NAND",B073SBRHH6,HDD,165,"4,6 sur 5 étoiles",6 985 évaluations,https://www.amazon.fr/Western-Digital-Interne-WD-Blue/dp/B073SBRHH6/ref=sr_1_75
Seagate Compatible IronWolf ST4000VN006 - Festplatte - 4 TB - SATA 6Gb/s,B09T74CSCW,HDD,98,"3,6 sur 5 étoiles",32 évaluations,https://www.amazon.fr/Seagate-Compatible-IronWolf-ST4000VN006-Festplatte/dp/B09T74CSCW/ref=sr_1_74
Seagate Surv. Skyhawk 7200 4TB HDD,B086YXF658,HDD,112,"4,2 sur 5 étoiles",9 évaluations,https://www.amazon.fr/Seagate-Surv-Skyhawk-7200-4TB/dp/B086YXF658/ref=sr_1_73
"Seagate DISQUES DURS Barracuda 2To, ST2000DM008, 2 to",B075WWN4QJ,HDD,63,"4,6 sur 5 étoiles",2 156 évaluations,https://www.amazon.fr/Seagate-Barracuda-Disque-interne-Argent/dp/B075WWN4QJ/ref=sr_1_72_mod_primary_new
Video 2.5 Hdd 500gb Sata,B00DH3TBZM,HDD,24,"4,7 sur 5 étoiles",51 évaluations,https://www.amazon.fr/Video-2-5-Hdd-500gb-Sata/dp/B00DH3TBZM/ref=sr_1_71
"WESTERN DIGITAL Blue WD20EZAZ - Disque dur - 2 To - interne - 3.5"" - SATA 6Gb/s - 5400 tours/min - mémoire tampon : 256 Mo",B07JC1TQ7N,HDD,59,"4,6 sur 5 étoiles",21 803 évaluations,https://www.amazon.fr/Western-Digital-Disque-Interne-Capacit%C3%A9/dp/B07JC1TQ7N/ref=sr_1_70_mod_primary_new
"JAHURO 4 To Portable HDD External Disque dur USB 3.1 USB-C HDD 4 To Mobile Disque Dur External 3-Year Rescue Service Compatible avec Mac, Bureau, Ordinateur portable (4 To, Bleu)",B0BQC3HNNZ,HDD,45,,,https://www.amazon.fr/JAHURO-Portable-External-Compatible-Ordinateur/dp/B0BQC3HNNZ/ref=sr_1_69
"Seagate One Touch 5 To, Disque dur externe HDD –Bleu clair, USB 3.0, pour PC portable et Mac, Abonnement de 4 mois à la formule Adobe Creative Cloud, et services Rescue valables 2 ans (STKC5000402)",B08JDLVNZ5,HDD,129,"4,7 sur 5 étoiles",324 évaluations,https://www.amazon.fr/Seagate-portable-Abonnement-Creative-STKC5000402/dp/B08JDLVNZ5/ref=sr_1_68
HP Storeeasy 16tb Lff HDD Bndl,B00JI9PIHO,HDD,,,,https://www.amazon.fr/Storeeasy-16tb-Lff-HDD-Bndl/dp/B00JI9PIHO/ref=sr_1_67
Western Digital HDD Red Plus 6TB 3.5 SATA 256MB,B0BDXQ61Z9,HDD,250,"4,7 sur 5 étoiles",5 évaluations,https://www.amazon.fr/Western-Digital-Plus-SATA-256MB/dp/B0BDXQ61Z9/ref=sr_1_66
Seagate Barracuda 500 Go (ST500DM009),B01IEKG3TY,HDD,,"4,6 sur 5 étoiles",22 253 évaluations,https://www.amazon.fr/Seagate-Barracuda-Disque-500-Go-40-70/dp/B01IEKG3TY/ref=sr_1_65
Crucial X8 4To SSD Portable - Jusqu’à 1050Mo/s - PC et Mac - Disque SSD externe USB 3.2 - CT4000X8SSD9,B0B787PNL7,HDD,298,"4,6 sur 5 étoiles",8 101 évaluations,https://www.amazon.fr/Crucial-X8-4To-externe-CT4000X8SSD9/dp/B0B787PNL7/ref=sr_1_64
"WD_Black P10 4To - Disque dur portable externe gaming pour un accès mobile à votre bibliothèque de jeux, fonctionne sur console et PC",B07VNTFK87,HDD,139,"4,6 sur 5 étoiles",320 évaluations,https://www.amazon.fr/WD_Black-P10-4To-biblioth%C3%A8que-fonctionne/dp/B07VNTFK87/ref=sr_1_63
"Seagate IronWolf 10 To, Disque dur interne NAS HDD – CMR 3,5 pouces SATA 6 Gbits/s 7 200 tr/min, 256 Mo de mémoire cache, pour stockage en réseau NAS RAID, services Rescue (ST10000VN000)",B095R8NNRY,HDD,,"3,8 sur 5 étoiles",11 évaluations,https://www.amazon.fr/Seagate-IronWolf-Interne-Pouces-200-TR/dp/B095R8NNRY/ref=sr_1_62
"Disque dur externe 2 To USB 3.1 USB-C 2 To HDD HDD External Reliable Backup for Gaming, Students, Professionals (2 To, Red)",B0BQC9J4QN,HDD,37,,,https://www.amazon.fr/externe-External-Reliable-Students-Professionals/dp/B0BQC9J4QN/ref=sr_1_61
"JAHURO 4 To Portable HDD HDD External USB 3.1 USB-C 4 To Mobile Disque Dur External, 3 Years Rescue Service, Compatible avec Playstation, Xbox, PC, Mac, Windows, Linux (4 TB, Red)",B0BQ3PBRKV,HDD,48,,,https://www.amazon.fr/JAHURO-Portable-External-Compatible-Playstation/dp/B0BQ3PBRKV/ref=sr_1_60
"Seagate SkyHawk 6 To, Disque dur interne de vidéosurveillance, 3,5"", SATA 6 Go/s, 256 Mo de mémoire cache, pour système de caméras de sécurité, 3 ans services Rescue en interne, FFP (ST6000VXZ01)",B07H28M89D,HDD,164,"4,6 sur 5 étoiles",4 510 évaluations,https://www.amazon.fr/Seagate-St6000vxz01-1-64-Cam%C3%A9ras-Surveillance-syst%C3%A8mes/dp/B07H28M89D/ref=sr_1_59
"Seagate IronWolf Pro, 18 to, Disque Dur d'entreprise Interne NAS HDD – CMR, 3,5”, SATA 6 Gbits/s, 7 200 TR/Min, 256 Mo de mémoire Cache, Rescue Services (ST18000NT001)",B0B94MRX2H,HDD,552,"5,0 sur 5 étoiles",2 évaluations,https://www.amazon.fr/Seagate-IronWolf-Disque-dentreprise-Interne/dp/B0B94MRX2H/ref=sr_1_58
"Seagate Laptop Thin HDD Disque dur interne 2,5"" 500 Go SATA II",B008BG62A2,HDD,34,"4,5 sur 5 étoiles",628 évaluations,https://www.amazon.fr/Seagate-Laptop-Thin-Disque-interne/dp/B008BG62A2/ref=sr_1_57
"Disque Dur Externe Toshiba Canvio Basics 2To, Noir, USB 3.2. Gen 1 (HDTB420EK3AA)",B07994QL95,HDD,69,"4,7 sur 5 étoiles",43 804 évaluations,https://www.amazon.fr/Toshiba-HDTB420EK3AA-Disque-Externe-Portable/dp/B07994QL95/ref=sr_1_56
"Seagate HDD Ironwolf 3,5"" 1TB SATA 6GB/s",B0BNGMFMZB,HDD,77,,,https://www.amazon.fr/Seagate-HDD-Ironwolf-1TB-SATA/dp/B0BNGMFMZB/ref=sr_1_55
"Mommachi Disque Dur Externe, 2To - USB 3.1 Ultra-Mince 2.5"" Design métallique HDD Portable pour PC, Mac, Portable (Noir)",B0BTCNXJDD,HDD,29,"4,8 sur 5 étoiles",6 956 évaluations,https://www.amazon.fr/Mommachi-Disque-Dur-Externe-2To/dp/B0BTCNXJDD/ref=sr_1_54
"Seagate Barracuda 2TB Desktop Barracuda ST2000DM008, 3.5"", ST2000DM008 (Barracuda ST2000DM008, 3.5, 2000 GB, 7200 RPM)",B075QJTBVT,HDD,123,"4,5 sur 5 étoiles",1 929 évaluations,https://www.amazon.fr/Seagate-barracuda-desktop-3-5in-ST2000DM008/dp/B075QJTBVT/ref=sr_1_53
"Disque dur externe 2 To portable, disque dur externe 2 To portable, disque dur externe SSD haute vitesse USB 3.1 HDD externe 2 To pour Mac, PC, ordinateur portable (2 To Black-A)-B5",B0BNTF1GB3,HDD,40,"2,2 sur 5 étoiles",6 évaluations,https://www.amazon.fr/Disque-externe-portable-vitesse-ordinateur/dp/B0BNTF1GB3/ref=sr_1_52
,,HDD,,,,https://www.amazon.fr/Seagate-Ordinateur-Portable-Interne-St1000lm035/dp/B06XRZ8GB9/ref=sr_1_51
"Toshiba DT01ACA100 Disque dur interne 32 MO 3,5'' SATA III 7200 tours/min 1 To",B009AYWCJE,HDD,49,"4,2 sur 5 étoiles",2 960 évaluations,https://www.amazon.fr/Toshiba-DT01ACA100-Disque-interne-tours/dp/B009AYWCJE/ref=sr_1_50
WD Red Plus 8To SATA 6Gb/s 3.5p HDD,B09QQX27GM,HDD,234,"4,6 sur 5 étoiles",310 évaluations,https://www.amazon.fr/Red-Plus-8To-SATA-3-5p/dp/B09QQX27GM/ref=sr_1_49
"Seagate SkyHawk 6 To, Disque dur interne de vidéosurveillance, 3,5"", SATA 6 Go/s, 256 Mo de mémoire cache, pour système de caméras de sécurité, 3 ans services Rescue en interne, FFP (ST6000VXZ01)",B07H28M89D,HDD,164,"4,6 sur 5 étoiles",4 510 évaluations,https://www.amazon.fr/Seagate-St6000vxz01-1-64-Cam%C3%A9ras-Surveillance-syst%C3%A8mes/dp/B07H28M89D/ref=sr_1_47
Toshiba 4TB S300 Surveillance HDD,B0BGM58VQK,HDD,92,"3,9 sur 5 étoiles",5 évaluations,https://www.amazon.fr/Toshiba-4TB-S300-Surveillance-HDD/dp/B0BGM58VQK/ref=sr_1_46
"Disque Dur Externe Toshiba Canvio Basics 1To, Noir, USB 3.2. Gen 1 (HDTB410EK3AA)",B07997KKSK,HDD,52,"4,7 sur 5 étoiles",78 257 évaluations,https://www.amazon.fr/Toshiba-HDTB410EK3AA-Disque-Externe-Portable/dp/B07997KKSK/ref=sr_1_45
"Disque Dur Externe Portable - 2.5'' USB 3.0 Ultra Fin Tout-Aluminium Stockage HDD pour PC, Mac, TV, Ordinateur de Bureau, Wii U, Windows (160Go, Gris)",B07CS92BKQ,HDD,20,"4,5 sur 5 étoiles",41 066 évaluations,https://www.amazon.fr/Maxone-externe-portable-ordinateur-Charcoal/dp/B07CS92BKQ/ref=sr_1_44
"WESTERN DIGITAL Blue WD20EZAZ - Disque dur - 2 To - interne - 3.5"" - SATA 6Gb/s - 5400 tours/min - mémoire tampon : 256 Mo",B07JC1TQ7N,HDD,59,"4,6 sur 5 étoiles",21 803 évaluations,https://www.amazon.fr/Western-Digital-Disque-Interne-Capacit%C3%A9/dp/B07JC1TQ7N/ref=sr_1_43_mod_primary_new
"Toshiba S300 2 to Disque Dur Interne HDD pour Surveillance - Bulk (3,5 Pouces SATA 6 Gbit/s 5400 TR/Min 128 Mo de mémoire Cache)",B08L9TLPJV,HDD,67,"4,6 sur 5 étoiles",317 évaluations,https://www.amazon.fr/Toshiba-S300-Disque-Interne-Surveillance/dp/B08L9TLPJV/ref=sr_1_42
"Seagate IronWolf 10 To, Disque dur interne NAS HDD – CMR 3,5 pouces SATA 6 Gbits/s 7 200 tr/min, 256 Mo de mémoire cache, pour stockage en réseau NAS RAID, services Rescue (ST10000VN000)",B095R8NNRY,HDD,209,"3,8 sur 5 étoiles",11 évaluations,https://www.amazon.fr/Seagate-IronWolf-Interne-Pouces-200-TR/dp/B095R8NNRY/ref=sr_1_41
"Seagate ST2000VM003 Pipeline HD Disque dur interne 3,5"" 2 To SATA II",B008B0RQ1C,HDD,45,"4,3 sur 5 étoiles",441 évaluations,https://www.amazon.fr/Seagate-ST2000VM003-Pipeline-Disque-interne/dp/B008B0RQ1C/ref=sr_1_40
WD Elements Disque Dur Externe Portable 2 To - USB 3.0 - WDBU6Y0020BBK-EESN,B00D0L5BH8,HDD,86,"4,6 sur 5 étoiles",2 850 évaluations,https://www.amazon.fr/Elements-Disque-Externe-Portable-WDBU6Y0020BBK-EESN/dp/B00D0L5BH8/ref=sr_1_39
"Western Digital WD Red Plus 3.5"" 4000 Go Série ATA III",B08VH8C3WZ,HDD,114,"4,5 sur 5 étoiles",2 247 évaluations,https://www.amazon.fr/Western-Digital-Plus-4000-S%C3%A9rie/dp/B08VH8C3WZ/ref=sr_1_38
"Seagate HDD Ironwolf 3,5"" 1TB SATA 6GB/s",B0BNGMFMZB,HDD,77,,,https://www.amazon.fr/Seagate-HDD-Ironwolf-1TB-SATA/dp/B0BNGMFMZB/ref=sr_1_37
"Seagate HDD Barracuda 1TB 2.5"" 5.4K SATA 7mm ST1000LM048",B01LYNQXCP,HDD,51,"4,6 sur 5 étoiles",5 327 évaluations,https://www.amazon.fr/Seagate-Barracuda-Disque-5400-TR-128-Mo/dp/B01LYNQXCP/ref=sr_1_36
"Seagate ST500DM002 Barracuda Disque dur interne 3,5"" SATA III 7200 tours / min 500 Go",B005CT56R6,HDD,,"4,3 sur 5 étoiles",9 594 évaluations,https://www.amazon.fr/Seagate-ST500DM002-Barracuda-Disque-interne/dp/B005CT56R6/ref=sr_1_35
WD Red Plus 8To SATA 6Gb/s 3.5p HDD,B09QQX27GM,HDD,234,"4,6 sur 5 étoiles",310 évaluations,https://www.amazon.fr/Red-Plus-8To-SATA-3-5p/dp/B09QQX27GM/ref=sr_1_34
"Sonnics Disque dur SATA 7200 tr/min 4 To 3,5"" pour PC de bureau ou de surveillance Système de vidéosurveillance DVR (renouvelé)",B0BJQGBYRK,HDD,56,,,https://www.amazon.fr/Sonnics-surveillance-Syst%C3%A8me-vid%C3%A9osurveillance-renouvel%C3%A9/dp/B0BJQGBYRK/ref=sr_1_33
"Seagate Ultra Touch, 2 To, Disque dur externe portable HDD – Noir, USB-C USB 3.0, Abonnement de 4 mois à la formule Adobe Creative Cloud, et services Rescue valables 2 ans (STHH2000400)",B07LGNHNJ9,HDD,87,"4,5 sur 5 étoiles",5 707 évaluations,https://www.amazon.fr/externe-portable-Seagate-USB-3-0-STHH2000400/dp/B07LGNHNJ9/ref=sr_1_32
"Seagate Skyhawk ST4000VXZ16 Disque Dur Interne 4 to 64 caméras 3,5"" Cache 64 Mo SATA 6 GB/s Argenté FFP + 3 Ans de Service de Sauvegarde",B0B1JPYH2Z,HDD,107,"5,0 sur 5 étoiles",6 évaluations,https://www.amazon.fr/Seagate-Skyhawk-ST4000VXZ16-Interne-Sauvegarde/dp/B0B1JPYH2Z/ref=sr_1_31
"WD_Black P10 4To - Disque dur portable externe gaming pour un accès mobile à votre bibliothèque de jeux, fonctionne sur console et PC",B07VNTFK87,HDD,139,"4,6 sur 5 étoiles",320 évaluations,https://www.amazon.fr/WD_Black-P10-4To-biblioth%C3%A8que-fonctionne/dp/B07VNTFK87/ref=sr_1_30
"Seagate Exos X16, 14 To, Disque dur interne d’entreprise HDD, SATA, 3.5"", pour entreprise et centre de données (ST14000NM001G)",B07T63FDJQ,HDD,319,"4,4 sur 5 étoiles",832 évaluations,https://www.amazon.fr/Seagate-Technology-ST14000NM001G-Enterprise-7200RPM/dp/B07T63FDJQ/ref=sr_1_29
"Western Digital Blue 3.5"" 4000 Go SATA",B087QTVCHH,HDD,115,"4,5 sur 5 étoiles",2 688 évaluations,https://www.amazon.fr/WD-Blue-Disque-Dur-SATA/dp/B087QTVCHH/ref=sr_1_28_mod_primary_new
"Disque Dur Externe Toshiba Canvio Basics 2To, Noir, USB 3.2. Gen 1 (HDTB420EK3AA)",B07994QL95,HDD,69,"4,7 sur 5 étoiles",43 804 évaluations,https://www.amazon.fr/Toshiba-HDTB420EK3AA-Disque-Externe-Portable/dp/B07994QL95/ref=sr_1_27
Seagate NAS HDD 6To IronWolf,B083JBZC5K,HDD,164,"4,4 sur 5 étoiles",474 évaluations,https://www.amazon.fr/SEAGATE-NAS-HDD-6To-IronWolf/dp/B083JBZC5K/ref=sr_1_26
"Toshiba MQ01ABD050V Disque Dur Interne 2,5"" 500 Go SATA",B07D5SVWS5,HDD,27,"4,4 sur 5 étoiles",173 évaluations,https://www.amazon.fr/Toshiba-MQ01ABD050V-Disque-Interne-SATA/dp/B07D5SVWS5/ref=sr_1_25
"Disque Dur Externe Toshiba Canvio Basics 4To, Noir, USB 3.2. Gen 1 (HDTB440EK3CA)",B07KPM58FX,HDD,101,"4,6 sur 5 étoiles",11 738 évaluations,https://www.amazon.fr/Canvio-Basics-2-5-Black-USB/dp/B07KPM58FX/ref=sr_1_24
"Seagate FireCuda, 4 To, Disque dur interne - CMR 3,5 pouces SATA 6 Gbits/s 7 200 tr/min, 256 Mo de mémoire cache, 300 To/an, 3 ans Rescue Services (ST4000DXZ05)",B09SBKXNKQ,HDD,115,"4,5 sur 5 étoiles",1 592 évaluations,https://www.amazon.fr/Seagate-FireCuda-Disque-interne-pouces/dp/B09SBKXNKQ/ref=sr_1_23
Western Digital HDD Red Plus 4TB 3.5 SATA 256MB,B0BDXSK2K7,HDD,114,"4,8 sur 5 étoiles",16 évaluations,https://www.amazon.fr/Western-Digital-Plus-SATA-256MB/dp/B0BDXSK2K7/ref=sr_1_22
"Toshiba 16TB Disque dur interne d'entreprise - MG Series 3.5"" SATA HDD Serveurs et stockage mainstream, Fonctionnement fiable 24/7, Stockage hyperscale et cloud (MG08ACA16TE)",B0832BL1HC,HDD,270,"4,1 sur 5 étoiles",1 054 évaluations,https://www.amazon.fr/Toshiba-MG08ACA16TE-4260557511091/dp/B0832BL1HC/ref=sr_1_21
"LaCie Rugged USB-C 2 To, Disque Dur Externe Portable HDD, Résistant aux chutes, chocs, la poussière, la pluie, pour Mac & PC, avec USB-C sans câble USB-A, services Rescue valables 2 ans (STFR2000800)",B01N99Q637,HDD,119,"4,6 sur 5 étoiles",22 396 évaluations,https://www.amazon.fr/Lacie-Rugged-Mini-Externe-STFR2000800/dp/B01N99Q637/ref=sr_1_20
"UnionSine Disque Dur Externe Portable 250Go Ultra-Mince 2.5"" USB 3.0, SATA, Stockage HDD pour PC, Mac, Ordinateur de Bureau, Ordinateur Portable, Wii U, Xbox, PS4 (Noir) HD-006",B091FRKWMD,HDD,26,"4,6 sur 5 étoiles",16 155 évaluations,https://www.amazon.fr/UnionSine-Externe-Portable-Anti-interf%C3%A9rence-Ordinateur/dp/B091FRKWMD/ref=sr_1_19
"WD 5 To Elements Disque dur portable externe - USB 3.0, noir",B07X41PWTY,HDD,114,"4,7 sur 5 étoiles",54 043 évaluations,https://www.amazon.fr/Elements-Disque-dur-portable-externe/dp/B07X41PWTY/ref=sr_1_18
"WD 4To My Passport Noir - Disque dur externe portable avec logiciels de gestion et de sauvegarde et protection par mot de passe, compatible PC, Xbox et PS4",B07VTW2LPX,HDD,104,"4,6 sur 5 étoiles",68 454 évaluations,https://www.amazon.fr/WD-Passport-sauvegarde-automatique-protection/dp/B07VTW2LPX/ref=sr_1_17
"Toshiba N300 6 To NAS 3.5’’ SATA Disque Dur Interne. Fonctionnement 24/7, parfait pour NAS de 1 à 8 baies, 256 Mo de mémoire cache, charge de travail de 180 To/an, Garantie de 3 ans Argent",B09B424KYN,HDD,164,"4,3 sur 5 étoiles",2 289 évaluations,https://www.amazon.fr/Toshiba-Interne-Fonctionnement-parfait-Garantie/dp/B09B424KYN/ref=sr_1_16
Toshiba MQ01ABD050 Disque Dur Interne 500 Go SATA 2,B0077IQ0AM,HDD,23,"4,4 sur 5 étoiles",5 866 évaluations,https://www.amazon.fr/Toshiba-MQ01ABD050-Disque-interne-SATA/dp/B0077IQ0AM/ref=sr_1_15
"WD Red, Disque dur interne NAS 3.0 - 4 TB - 5400 rpm, SATA 6 Gb/s, SMR, Cache de 256 MB, 3,5 po",B083XVY99B,HDD,106,"4,4 sur 5 étoiles",14 996 évaluations,https://www.amazon.fr/Red-Disque-dur-interne-NAS/dp/B083XVY99B/ref=sr_1_14
"TOSHIBA P300 disque dur interne 1 To – 3,5"" (pouces) – disque dur SATA (HDD) – 7200 tours par minute (tpm) – 6 Go/s – pour ordinateurs de jeu, PCs de bureau, stations de travail, etc.",B0151KM3I0,HDD,47,"4,5 sur 5 étoiles",7 638 évaluations,https://www.amazon.fr/Toshiba-P300-Disque-Dur-Interne/dp/B0151KM3I0/ref=sr_1_12_mod_primary_new
